"","Player_Name_Compact","Team","City","Game_Started","Games_Played","Minutes","Points","Two_Point_Made","Two_Point_Attempted","Two_Point_Percentage","Three_Point_Made","Three_Point_Attempted","Three_Point_Percentage","Free_Throws_Made","Free_Throws_Attempted","Free_Throws_Percentage","Defensive_Rebounds","Offensive_Rebounds","Total_Rebounds","Turnovers","Steals","Blocks_against","Blocks","Assists","Personal_Fouls","Personal_Fouls_Drawn","Efficiency"
"3","Accini D.","GARDONESE","GVT","28","28","853","404","52","123","42","77","212","36","69","80","86","117","12","129","62","32","3","3","90","70","72","378"
"4","Acerbis M.","MANERBIO","MAN","16","3","16","4","2","2","100","0","3","0","","","","1","","1","","","","","","2","",""
"5","Aceti O.","R. SARONNO","SAR","3","1","1","2","1","1","100","","","","","","","","","","","","","","","","","2"
"6","Agazzi A.","MANERBIO","MAN","30","20","161","25","5","16","31","4","17","24","3","8","38","12","8","20","1","8","","2","5","13","6","23"
"7","Albani A.","ROMANO LOM.","ROL","10","10","94","33","11","24","46","2","5","40","5","6","83","7","8","15","4","5","2","","6","20","7","23"
"8","Albenga A.","OLGINATE","OLG","37","18","87","10","3","4","75","1","8","12","1","2","50","5","5","10","3","2","","1","2","10","2","5"
"9","Allegri A.","GARBAGNATE","GAR","28","27","924","551","183","330","55","10","41","24","155","226","69","135","95","230","42","28","6","5","48","60","194","699"
"10","Angiolini A.","B. 7 LAGHI","GAZ","28","28","829","225","35","91","38","36","129","28","47","72","65","71","9","80","102","28","4","","119","63","65","174"
"11","Antelli L.","CERNUSCO (*)","CEN (*)","30","28","468","147","28","66","42","23","65","35","22","42","52","50","17","67","33","24","6","","46","52","61","154"
"12","Antonietti F.","COR. PIADENA","PIA","29","29","792","351","117","239","49","5","29","17","102","131","78","95","57","152","54","30","7","14","38","86","98","361"
"13","Anzivino R.","CERMENATE (*)","CER (*)","26","26","777","191","53","97","55","17","58","29","34","59","58","115","37","152","45","29","7","1","59","33","66","303"
"14","Appendini S.","VIGEVANO","VIG","29","29","617","115","30","73","41","11","39","28","22","32","69","108","29","137","43","17","1","9","40","68","33","158"
"15","Aradori D.","CREMONA","CRE","13","3","2","1","","","","","","","1","2","50","","","","","","","","","","1","1"
"16","Ariazzi M.","COR. PIADENA","PIA","29","29","443","124","13","23","57","25","73","34","23","31","74","18","2","20","24","6","3","","20","49","36","64"
"17","Arioli F.","MILANO3 B.","MI3","28","28","684","254","42","94","45","49","149","33","23","28","82","94","14","108","40","10","2","3","43","68","29","180"
"18","Aromando S.","BERNAREGGIO","BER","30","27","530","187","74","154","48","3","8","38","30","63","48","82","46","128","46","12","3","10","18","50","56","194"
"19","Arosio D.","LISSONE (*)","LIS (*)","30","25","236","31","14","37","38","0","3","0","3","9","33","27","10","37","20","4","1","4","4","34","12","5"
"20","Arui A.","GARBAGNATE","GAR","28","26","754","284","54","150","36","41","166","25","53","78","68","92","27","119","70","33","9","2","95","78","82","212"
"21","Asamoah B.","V. LUMEZZANE","LUM","28","28","571","197","38","77","49","31","84","37","28","40","70","33","21","54","52","16","5","1","27","75","45","104"
"22","Assoni A.","COR. PIADENA","PIA","29","29","399","77","29","74","39","2","15","13","13","26","50","58","15","73","31","6","4","2","13","56","22","31"
"23","Assui K.","ARCISATE (*)","ARC (*)","29","28","573","91","23","40","57","11","37","30","12","20","60","94","33","127","52","24","2","22","18","70","22","129"
"24","Atienza B.","MANERBIO","MAN","29","29","368","58","14","35","40","8","25","32","6","11","55","15","7","22","35","18","2","1","22","51","14","4"
"25","Balatti D.","LIERNA","LIE","11","2","7","0","","","","0","2","0","","","","2","","2","2","1","","","","1","","-2"
"26","Baldini G.","BERNAREGGIO","BER","34","33","838","376","101","202","50","27","117","23","93","113","82","109","28","137","59","37","11","2","35","72","106","340"
"27","Baldrighi D.","PIZZIGHETTONE","PIZ","9","5","9","6","2","3","67","","","","2","4","50","2","2","4","","2","","","","","2","11"
"28","Ballarate M.","CERMENATE (*)","CER (*)","11","11","266","90","14","40","35","17","60","28","11","18","61","26","14","40","17","9","1","","16","23","18","56"
"29","Ballarate M.","LIERNA","LIE","16","16","461","180","31","83","37","28","88","32","34","42","81","38","39","77","37","8","2","2","25","48","44","129"
"30","Balogun M.","GARDONESE","GVT","26","26","555","145","38","90","42","13","50","26","30","55","55","61","14","75","31","30","5","5","46","54","39","136"
"31","Bandera G.","NERVIANESE","NER","27","27","531","144","35","100","35","18","62","29","20","30","67","51","14","65","19","12","1","3","13","38","29","89"
"32","Barbero D.","PAVIA B.","PVB","11","3","5","0","0","1","0","","","","","","","","","","","","1","","","1","","-3"
"33","Barga J.","AGRATE CAN.","AGR","13","13","236","89","20","30","67","10","27","37","19","29","66","26","13","39","23","17","","1","13","28","26","97"
"34","Bassani A.","OLGINATE","OLG","34","34","869","482","181","371","49","9","34","26","93","140","66","261","102","363","67","20","19","7","30","60","116","610"
"35","Battistini T.","ARCISATE (*)","ARC (*)","30","30","614","108","11","38","29","27","135","20","5","6","83","69","16","85","39","15","","","28","55","26","32"
"36","Bazzoli R.","P. MILANO","MIP","26","25","819","517","110","267","41","57","191","30","126","161","78","91","28","119","50","13","3","10","44","31","138","431"
"37","Beccagutti D.","GARDONESE","GVT","18","2","4","1","","","","","","","1","2","50","","","","","","","","","","1","1"
"38","Bega S.","P. MILANO","MIP","1","0","","0","","","","","","","","","","","","","","","","","","","",""
"39","Bellotti L.","B. 7 LAGHI","GAZ","15","15","311","130","26","40","65","8","32","25","54","68","79","36","4","40","29","17","3","","18","28","50","143"
"40","Bellotti G.","P. MILANO","MIP","21","19","455","201","80","142","56","","","","41","68","60","83","45","128","22","4","2","13","4","31","48","254"
"41","Belluco L.","COR. PIADENA","PIA","25","15","52","2","0","3","0","0","4","0","2","3","67","2","1","3","3","2","3","","2","3","1","-7"
"42","Belotti L.","CERNUSCO (*)","CEN (*)","8","1","1","0","","","","","","","","","","","","","","","","","","","",""
"43","Benassi A.","ROMANO LOM.","ROL","26","22","675","231","87","207","42","1","7","14","54","99","55","69","27","96","49","17","6","3","39","71","92","181"
"44","Beretta M.","OLGINATE","OLG","36","36","905","105","43","95","45","0","2","0","19","32","59","195","90","285","57","37","7","35","80","88","36","359"
"45","Bergna L.","LIERNA","LIE","28","28","527","205","72","137","53","1","15","7","58","89","65","98","71","169","22","10","4","6","9","66","77","274"
"46","Bertoglio N.","P. MILANO","MIP","27","26","637","167","30","65","46","28","85","33","23","36","64","66","18","84","17","24","5","2","20","43","31","158"
"47","Bertuzzi C.","PIZZIGHETTONE","PIZ","21","21","360","104","14","41","34","23","79","29","7","18","39","31","8","39","15","8","5","","19","24","23","55"
"48","Biagini A.","MANERBIO","MAN","30","28","694","261","97","193","50","4","17","24","55","88","62","117","75","192","85","24","9","14","35","92","95","293"
"49","Bialkowski M.","PAVIA B.","PVB","29","29","570","192","71","137","52","1","6","17","47","74","64","74","53","127","33","6","4","3","26","71","59","207"
"50","Bianchi O.","CERMENATE (*)","CER (*)","27","24","374","141","56","143","39","0","2","0","29","44","66","86","30","116","29","13","9","11","9","41","33","140"
"51","Bianchi C.","MILANO3 B.","MI3","34","34","768","117","26","65","40","17","70","24","14","21","67","143","47","190","25","33","1","4","33","82","36","206"
"52","Bianchi S.","LIERNA","LIE","8","2","3","0","0","2","0","","","","","","","1","1","2","1","","","","","","","-1"
"53","Bigoni F.","CIS. CISLAGO","CIS","17","4","21","5","1","2","50","0","2","0","3","4","75","4","","4","1","1","","","","3","3","5"
"54","Binaghi G.","CERNUSCO (*)","CEN (*)","29","29","507","221","50","114","44","25","85","29","46","65","71","49","34","83","42","7","7","2","10","72","50","109"
"55","Biolghini M.","B. 7 LAGHI","GAZ","1","0","","0","","","","","","","","","","","","","","","","","","","",""
"56","Bodini R.","CREMONA","CRE","28","24","514","119","29","87","33","9","34","26","34","54","63","56","40","96","29","22","4","","18","46","43","116"
"57","Boffini F.","MORTARA","MOR","28","28","1038","525","85","187","45","77","233","33","124","155","80","69","15","84","69","16","7","6","96","65","126","423"
"58","Bologna N.","ARCISATE (*)","ARC (*)","30","30","546","134","40","109","37","11","53","21","21","38","55","53","12","65","68","24","6","","53","65","46","55"
"59","Bologna M.","B. 7 LAGHI","GAZ","29","8","26","4","2","3","67","0","1","0","","","","1","","1","1","","","","1","3","1","1"
"60","Bolzoni R.","PIZZIGHETTONE","PIZ","7","3","6","2","1","2","50","0","1","0","","","","1","","1","1","","","","","","",""
"61","Bona A.","V. LUMEZZANE","LUM","21","17","322","116","22","47","47","18","56","32","18","25","72","35","8","43","35","19","","2","31","35","35","106"
"62","Bonissi M.","NERVIANESE","NER","5","3","4","0","0","2","0","","","","","","","","","","","","","","","","","-2"
"63","Bonora F.","MILANO3 B.","MI3","35","21","135","30","10","28","36","1","9","11","7","13","54","18","15","33","10","2","2","2","3","27","9","8"
"64","Borghetti L.","V. LUMEZZANE","LUM","22","7","16","0","0","1","0","0","2","0","","","","1","","1","7","","1","","2","2","","-10"
"65","Borghi G.","AGRATE CAN.","AGR","29","29","701","316","104","225","46","11","56","20","75","100","75","132","25","157","86","42","12","9","42","94","91","274"
"66","Borrini A.","COR. PIADENA","PIA","18","1","1","0","","","","","","","","","","","","","1","","","","","","","-1"
"67","Bortolani G.","BERNAREGGIO","BER","7","6","74","20","4","7","57","3","13","23","3","4","75","7","1","8","5","2","","2","2","4","5","16"
"68","Bosio R.","CERNUSCO (*)","CEN (*)","19","19","595","257","55","134","41","28","93","30","63","83","76","113","34","147","50","19","10","1","44","60","85","269"
"69","Bosio M.","P. MILANO","MIP","14","14","393","153","56","136","41","8","49","16","17","27","63","45","29","74","49","13","4","1","22","31","42","90"
"70","Bosio M.","GARBAGNATE","GAR","8","8","207","80","32","66","48","3","27","11","7","25","28","28","16","44","21","12","1","2","6","21","23","48"
"71","Bossi L.","MORTARA","MOR","26","25","355","70","15","42","36","10","38","26","10","22","45","28","19","47","18","16","4","","18","50","22","34"
"72","Bossola D.","BERNAREGGIO","BER","34","34","807","353","78","190","41","43","130","33","68","97","70","146","37","183","49","42","2","6","50","68","77","364"
"73","Botta A.","OPERA B.C.","OPE","27","10","69","12","6","9","67","0","3","0","","","","10","1","11","2","2","","1","3","3","1","19"
"74","Brandini M.","MORTARA","MOR","25","25","591","106","38","86","44","2","22","9","24","31","77","67","21","88","34","17","3","2","32","61","39","111"
"75","Brignoli R.","ARCISATE (*)","ARC (*)","2","2","23","8","1","4","25","2","5","40","","","","3","","3","2","","","","2","3","4","6"
"76","Broggi M.","CERMENATE (*)","CER (*)","27","27","571","135","39","90","43","12","71","17","21","49","43","51","8","59","45","30","5","1","60","68","73","102"
"77","Brown X.","LIERNA","LIE","28","28","819","241","71","167","43","26","77","34","21","47","45","166","31","197","33","41","4","5","62","43","48","341"
"78","Brunelli L.","GARDONESE","GVT","13","13","112","18","8","13","62","","","","2","2","100","22","11","33","10","3","1","","2","31","6","15"
"79","Brunelli M.","MANERBIO","MAN","27","26","414","92","20","59","34","12","52","23","16","23","70","41","18","59","28","16","","1","16","51","25","44"
"80","Butta S.","OLGINATE","OLG","4","1","1","0","","","","","","","","","","","","","","","","","","","",""
"81","Buzzin G.","PAVIA B.","PVB","1","0","","0","","","","","","","","","","","","","","","","","","","",""
"82","Cacciani S.","R. SARONNO","SAR","32","32","1046","424","75","206","36","69","178","39","67","89","75","120","35","155","55","22","7","4","45","66","85","345"
"83","Caciolli R.","O. PAVIA (*)","PVO (*)","2","2","9","0","0","2","0","","","","","","","","2","2","1","","","","","1","","-2"
"84","Caffarra S.","GARBAGNATE","GAR","26","26","490","165","40","111","36","18","53","34","31","48","65","64","19","83","47","22","3","5","29","74","45","102"
"85","Cagnone R.","B. 7 LAGHI","GAZ","3","0","","0","","","","","","","","","","","","","","","","","","","",""
"86","Calo' R.","BERNAREGGIO","BER","27","26","285","78","30","60","50","2","13","15","12","20","60","26","20","46","19","11","2","3","8","56","17","37"
"87","Cambiati P.","CREMONA","CRE","2","1","1","0","","","","","","","","","","","","","","","","","","","",""
"88","Campana M.","AGRATE CAN.","AGR","27","25","629","184","54","105","51","19","41","46","19","43","44","57","12","69","34","10","2","","22","50","39","141"
"89","Campeggi T.","CERNUSCO (*)","CEN (*)","25","24","264","69","24","42","57","1","16","6","18","36","50","28","23","51","18","5","","2","4","36","20","46"
"90","Campeggi M.","O. PAVIA (*)","PVO (*)","34","32","346","55","13","27","48","5","18","28","14","31","45","35","13","48","22","11","2","","22","32","33","69"
"91","Cancelli M.","GARDONESE","GVT","28","28","894","369","131","207","63","10","26","38","77","94","82","151","64","215","74","24","3","9","43","94","105","485"
"92","Candiloro M.","P. MILANO","MIP","2","2","9","0","","","","0","1","0","","","","1","","1","","","","","","","",""
"93","Cantale A.","GARBAGNATE","GAR","1","0","","0","","","","","","","","","","","","","","","","","","","",""
"94","Cantoreggi M.","B. 7 LAGHI","GAZ","6","2","3","0","0","1","0","","","","","","","","","","","","","","","","","-1"
"95","Capella L.","MILANO3 B.","MI3","26","26","366","68","27","51","53","0","1","0","14","27","52","31","24","55","12","3","","4","9","78","34","45"
"96","Cappellari A.","OPERA B.C.","OPE","32","32","704","167","41","105","39","15","42","36","40","47","85","81","8","89","47","16","5","1","72","122","65","138"
"97","Cappellari A.","OPERA B.C.","OPE","32","32","634","304","130","263","49","","","","44","56","79","107","73","180","56","14","13","11","30","88","56","293"
"98","Cappellotto F.","GARBAGNATE","GAR","27","27","675","210","77","147","52","5","20","25","41","66","62","124","49","173","38","7","5","1","10","76","73","245"
"99","Caramatti R.","V. LUMEZZANE","LUM","9","7","190","131","23","68","34","18","70","26","31","37","84","22","2","24","16","10","1","3","14","3","28","87"
"100","Cardellini M.","O. PAVIA (*)","PVO (*)","34","34","971","362","85","156","54","36","147","24","84","101","83","86","14","100","42","46","10","","142","80","106","425"
"101","Carrara R.","BERNAREGGIO","BER","14","7","50","12","1","7","14","3","6","50","1","2","50","3","","3","1","4","","","2","3","3","10"
"102","Carrara G.","ROMANO LOM.","ROL","28","25","741","256","92","159","58","16","57","28","24","36","67","138","56","194","24","26","4","15","13","39","36","353"
"103","Carrera A.","ROMANO LOM.","ROL","26","25","624","357","98","182","54","21","67","31","98","118","83","54","21","75","60","20","7","","43","60","109","327"
"104","Carzaniga M.","CERNUSCO (*)","CEN (*)","7","7","133","28","5","12","42","6","23","26","","","","7","4","11","7","1","","","13","11","3","14"
"105","Casadio F.","LIERNA","LIE","17","6","25","4","2","3","67","0","2","0","","","","4","2","6","2","1","","","1","6","","1"
"106","Casali L.","PIZZIGHETTONE","PIZ","26","26","757","317","61","155","39","43","159","27","66","94","70","89","27","116","45","32","6","2","41","65","108","262"
"107","Casoni M.","CREMONA","CRE","26","4","4","0","","","","0","1","0","","","","","1","1","","","","","1","1","",""
"108","Catalfamo I.","AGRATE CAN.","AGR","26","24","461","107","31","59","53","8","31","26","21","33","64","29","18","47","30","36","3","1","28","47","31","107"
"109","Cattaneo M.","P. MILANO","MIP","25","25","425","70","25","37","68","5","16","31","5","7","71","51","23","74","20","19","1","5","32","41","12","125"
"110","Cattaneo T.","P. MILANO","MIP","21","12","42","2","1","2","50","0","1","0","","","","3","3","6","2","1","","","","3","1","3"
"111","Cattaneo A.","CIS. CISLAGO","CIS","30","30","1013","319","87","214","41","32","99","32","49","63","78","106","14","120","35","14","4","10","35","80","86","257"
"112","Cattaneo N.","MORTARA","MOR","29","29","1008","441","83","207","40","53","157","34","116","138","84","120","24","144","69","46","6","","91","66","134","465"
"113","Cazzaniga L.","OPERA B.C.","OPE","3","0","","0","","","","","","","","","","","","","","","","","","","",""
"114","Cesana G.","CALOLZIOCORTE","CAL","26","26","699","367","71","158","45","47","135","35","84","108","78","58","11","69","52","22","5","5","40","69","107","285"
"115","Charles Pena M.","BERNAREGGIO","BER","12","4","11","0","0","1","0","0","1","0","","","","2","","2","1","1","","","","1","","-1"
"116","Chiesa A.","MILANO3 B.","MI3","5","1","2","2","1","1","100","","","","","","","","","","","","","","","","","2"
"117","Chirico A.","OLGINATE","OLG","34","11","53","8","4","8","50","0","3","0","","","","5","","5","1","","","","2","5","2","4"
"118","Ciancio T.","CALOLZIOCORTE","CAL","27","26","232","73","15","30","50","12","30","40","7","12","58","20","3","23","21","4","2","1","12","45","20","27"
"119","Cinquepalmi N.","MILANO3 B.","MI3","2","2","4","2","","","","","","","2","2","100","","","","1","","","","1","1","2","3"
"120","Cipelletti L.","PIZZIGHETTONE","PIZ","22","22","358","58","13","38","34","5","27","19","17","25","68","25","16","41","24","13","","","22","54","42","43"
"121","Clerici M.","ARCISATE (*)","ARC (*)","30","28","867","466","142","250","57","37","104","36","71","90","79","168","52","220","73","32","6","13","30","66","74","496"
"122","Cocchi F.","CREMONA","CRE","28","28","625","135","36","78","46","16","78","21","15","30","50","66","19","85","25","21","7","7","17","90","29","53"
"123","Cogliati E.","AGRATE CAN.","AGR","26","26","695","230","51","119","43","28","118","24","44","55","80","55","11","66","47","41","4","","75","43","64","213"
"124","Cogliati R.","CERNUSCO (*)","CEN (*)","29","28","728","192","20","52","38","40","123","33","32","39","82","89","18","107","42","27","2","5","54","51","51","219"
"125","Coleman J.","O. PAVIA (*)","PVO (*)","1","1","24","2","1","4","25","0","2","0","","","","2","1","3","3","","","","","2","1","-4"
"126","Collini R.","LISSONE (*)","LIS (*)","29","29","892","277","124","207","60","1","7","14","26","103","25","203","87","290","64","29","3","24","19","93","127","440"
"127","Colnago P.","OLGINATE","OLG","22","22","594","231","24","78","31","50","152","33","33","43","77","62","8","70","39","20","4","2","44","43","41","156"
"128","Colombo A.","OPERA B.C.","OPE","23","23","479","145","19","63","30","23","81","28","38","45","84","46","5","51","34","11","5","","20","36","33","76"
"129","Colombo M.","MILANO3 B.","MI3","36","36","998","429","86","194","44","52","169","31","101","135","75","141","32","173","57","31","1","3","67","60","126","452"
"130","Colombo T.","VIGEVANO","VIG","15","15","271","45","18","43","42","","","","9","10","90","33","12","45","12","9","1","4","12","31","9","54"
"131","Colpani A.","MANERBIO","MAN","7","5","49","12","1","5","20","3","10","30","1","3","33","3","","3","3","","","","3","3","2","1"
"132","Conte G.","MANERBIO","MAN","30","30","1019","350","68","177","38","40","182","22","94","126","75","122","20","142","102","49","13","4","61","96","134","246"
"133","Contini T.","CREMONA","CRE","28","15","102","21","8","15","53","0","1","0","5","11","45","10","10","20","6","2","2","1","","11","8","19"
"134","Coppi C.","GARDONESE","GVT","26","24","602","164","41","92","45","18","47","38","28","42","67","72","26","98","43","11","2","4","24","71","48","139"
"135","Corbetta P.","CALOLZIOCORTE","CAL","27","27","785","296","93","169","55","24","95","25","38","60","63","145","55","200","58","21","2","12","55","56","92","391"
"136","Corno A.","NERVIANESE","NER","28","28","905","477","93","195","48","79","219","36","54","77","70","93","28","121","53","17","4","1","41","65","73","343"
"137","Corti A.","CERNUSCO (*)","CEN (*)","28","27","630","230","88","201","44","0","3","0","54","107","50","119","42","161","79","18","6","5","21","104","107","184"
"138","Cotruta V.","MANERBIO","MAN","30","23","213","32","14","31","45","","","","4","10","40","21","14","35","15","2","1","","10","40","9","9"
"139","Cristelli D.","O. PAVIA (*)","PVO (*)","34","34","766","213","75","139","54","10","55","18","33","51","65","141","34","175","60","26","3","18","65","77","54","284"
"140","Croci A.","NERVIANESE","NER","28","25","337","67","14","39","36","9","38","24","12","16","75","34","5","39","25","5","1","1","28","44","25","37"
"141","Cugini L.","O. PAVIA (*)","PVO (*)","24","23","740","457","116","209","56","59","136","43","48","52","92","129","51","180","57","17","4","","25","43","46","447"
"142","D'Ambrosio F.","P. MILANO","MIP","1","0","","0","","","","","","","","","","","","","","","","","","","",""
"143","D'Ambrosio Angelillo M.","BERNAREGGIO","BER","23","19","241","36","10","22","45","4","25","16","4","14","29","32","10","42","12","11","3","4","6","30","8","19"
"144","Danelutti J.","R. SARONNO","SAR","18","18","378","158","64","123","52","4","15","27","18","55","33","72","36","108","33","7","4","2","16","58","55","144"
"145","Danelutti J.","LIERNA","LIE","13","13","309","107","43","88","49","1","7","14","18","48","38","51","37","88","26","20","6","1","7","48","38","100"
"146","Daolio G.","ARCISATE (*)","ARC (*)","8","4","25","4","2","5","40","0","1","0","","","","4","","4","4","3","1","","1","4","2","1"
"147","Darby D.","MANERBIO","MAN","14","14","552","304","85","161","53","24","92","26","62","77","81","80","14","94","42","45","5","10","63","28","67","349"
"148","Darby D.","COR. PIADENA","PIA","7","7","238","125","31","70","44","14","33","42","21","27","78","45","7","52","26","9","1","5","34","7","26","153"
"149","Daverio N.","OPERA B.C.","OPE","18","18","198","54","9","34","26","4","19","21","24","37","65","42","14","56","15","1","2","1","3","36","37","46"
"150","De Bettin F.","BERNAREGGIO","BER","34","34","986","373","90","162","56","34","106","32","91","116","78","72","24","96","75","55","4","","136","59","134","487"
"151","De Francesco F.","OPERA B.C.","OPE","16","6","18","0","0","1","0","0","3","0","","","","1","1","2","1","","","","1","1","2","-1"
"152","De Gaetano S.","BERNAREGGIO","BER","1","0","","0","","","","","","","","","","","","","","","","","","","",""
"153","De Guzman M.","GARDONESE","GVT","15","15","297","93","16","37","43","17","64","27","10","12","83","33","2","35","27","10","2","1","21","24","19","56"
"154","De Leo G.","MANERBIO","MAN","23","19","613","209","53","141","38","15","71","21","58","79","73","110","35","145","56","24","6","","17","61","75","182"
"155","De Marzi M.","CERNUSCO (*)","CEN (*)","22","12","90","20","8","15","53","0","1","0","4","5","80","8","7","15","3","1","1","","4","13","7","21"
"156","Dede' M.","AGRATE CAN.","AGR","29","19","126","35","14","34","41","","","","7","12","58","11","17","28","14","5","5","","2","5","12","33"
"157","Degli Agosti F.","CREMONA","CRE","28","27","674","86","29","59","49","5","23","22","13","20","65","102","23","125","48","19","","2","74","51","32","184"
"158","Degrada S.","PAVIA B.","PVB","31","31","762","337","73","149","49","46","120","38","53","76","70","81","14","95","35","19","4","2","52","79","66","280"
"159","Dejace M.","B. 7 LAGHI","GAZ","14","10","157","64","19","37","51","7","14","50","5","13","38","16","7","23","12","4","1","9","1","20","11","46"
"160","Deleidi L.","ROMANO LOM.","ROL","28","28","704","170","43","116","37","6","30","20","66","80","82","74","19","93","80","30","4","1","81","45","107","242"
"161","Delibasic M.","COR. PIADENA","PIA","15","15","440","170","41","71","58","15","61","25","43","63","68","77","29","106","52","14","7","","35","51","61","180"
"162","Della Flora M.","CERNUSCO (*)","CEN (*)","11","4","7","0","","","","","","","","","","","","","","2","","","1","","","3"
"163","Delle Donne A.","CREMONA","CRE","28","25","848","373","61","142","43","63","179","35","62","91","68","127","31","158","96","44","7","5","64","78","94","331"
"164","Delmenico G.","MILANO3 B.","MI3","33","33","455","118","34","80","42","11","29","38","17","38","45","40","17","57","44","21","5","3","35","84","41","57"
"165","Di Giuliomaria C.","BERNAREGGIO","BER","27","27","746","339","89","157","57","25","73","34","86","115","75","219","47","266","62","24","2","9","56","67","130","548"
"166","Di Meco M.","R. SARONNO","SAR","32","32","573","223","80","128","62","10","27","37","33","50","66","84","29","113","45","12","4","5","7","76","55","208"
"167","Di Rauso G.","NERVIANESE","NER","28","28","864","399","156","236","66","2","16","12","81","127","64","189","104","293","64","21","10","12","30","96","104","549"
"168","Dieng D.","V. LUMEZZANE","LUM","4","0","","0","","","","","","","","","","","","","","","","","","","",""
"169","Digianvittorio S.","BERNAREGGIO","BER","33","33","608","135","53","114","46","4","30","13","17","26","65","72","16","88","62","33","5","1","46","64","39","115"
"170","Diminic M.","LIERNA","LIE","14","14","421","211","90","170","53","1","5","20","28","34","82","85","44","129","65","10","1","6","23","34","47","236"
"171","Eriforio L.","CIS. CISLAGO","CIS","30","29","661","188","84","169","50","2","14","14","14","31","45","89","32","121","60","21","3","5","29","72","54","169"
"172","Faccioli R.","CREMONA","CRE","27","25","723","359","133","262","51","8","40","20","69","143","48","185","79","264","70","32","6","6","34","94","153","443"
"173","Ferraresi F.","LISSONE (*)","LIS (*)","1","0","","0","","","","","","","","","","","","","","","","","","","",""
"174","Ferrari M.","MILANO3 B.","MI3","6","2","2","0","0","1","0","","","","","","","","","","","","","","","","","-1"
"175","Ferrari F.","GARDONESE","GVT","28","21","121","38","12","29","41","3","10","30","5","6","83","9","6","15","10","3","1","","5","19","7","13"
"176","Ferraris F.","CERNUSCO (*)","CEN (*)","1","1","5","0","","","","","","","","","","","","","","","","","1","","1","2"
"177","Ferretti A.","MORTARA","MOR","29","29","750","163","52","126","41","16","62","26","11","16","69","110","49","159","23","22","4","11","17","82","21","159"
"178","Ferri A.","PAVIA B.","PVB","31","30","902","333","52","118","44","63","144","44","40","55","73","56","24","80","26","23","8","1","36","52","54","279"
"179","Ferri A.","ROMANO LOM.","ROL","28","28","701","246","44","87","51","45","155","29","23","30","77","78","32","110","44","32","7","6","24","81","46","172"
"180","Figini S.","OLGINATE","OLG","1","1","2","0","","","","","","","","","","1","","1","1","","","","","","",""
"181","Filic N.","PAVIA B.","PVB","29","15","157","37","8","16","50","3","12","25","12","17","71","26","5","31","19","5","1","","13","26","13","31"
"182","Fiore M.","R. SARONNO","SAR","15","6","53","6","0","1","0","2","6","33","","","","3","","3","4","3","","","3","10","2","-2"
"183","Floreano D.","CALOLZIOCORTE","CAL","6","6","102","8","4","11","36","0","2","0","","","","8","7","15","10","6","","","5","17","5","3"
"184","Fogagnolo L.","NERVIANESE","NER","1","0","","0","","","","","","","","","","","","","","","","","","","",""
"185","Fontana D.","CERMENATE (*)","CER (*)","26","23","307","76","19","50","38","8","25","32","14","22","64","45","9","54","29","10","3","2","10","15","25","74"
"186","Fontana S.","COR. PIADENA","PIA","27","27","256","40","8","22","36","4","10","40","12","20","60","32","8","40","7","7","2","2","7","17","22","64"
"187","Formentini F.","LISSONE (*)","LIS (*)","30","30","958","366","117","267","44","6","53","11","114","151","75","112","23","135","104","55","5","2","197","82","179","509"
"188","Fornara F.","LIERNA","LIE","27","27","389","118","18","61","30","16","63","25","34","47","72","52","17","69","23","11","3","3","19","52","37","76"
"189","Fossati R.","PAVIA B.","PVB","31","31","865","228","23","60","38","48","116","41","38","50","76","74","6","80","55","24","2","","120","42","61","297"
"190","Frattini D.","NERVIANESE","NER","28","21","122","11","2","7","29","2","3","67","1","2","50","13","5","18","7","3","1","","3","28","6","-2"
"191","Freri F.","NERVIANESE","NER","15","15","328","111","34","64","53","8","38","21","19","26","73","65","24","89","19","2","","5","12","34","26","125"
"192","Freri F.","PAVIA B.","PVB","15","14","185","56","18","38","47","5","14","36","5","10","50","33","11","44","13","4","","3","5","18","14","61"
"193","Frontini G.","NERVIANESE","NER","13","13","334","129","43","87","49","6","12","50","25","33","76","46","18","64","13","4","1","3","12","34","30","136"
"194","Frontini G.","VIGEVANO","VIG","16","15","199","53","23","50","46","0","1","0","7","13","54","20","16","36","12","3","1","3","6","24","12","42"
"195","Furlanetto L.","R. SARONNO","SAR","31","31","634","243","45","102","44","22","76","29","87","110","79","75","33","108","39","19","3","1","42","73","99","263"
"196","Gagliardi A.","COR. PIADENA","PIA","10","5","6","0","0","1","0","","","","","","","","","","","","","","","","","-1"
"197","Galasso R.","CERMENATE (*)","CER (*)","9","1","1","3","","","","1","1","100","","","","","","","","","","","","","","3"
"198","Galati G.","OPERA B.C.","OPE","28","28","839","287","77","202","38","20","79","25","73","99","74","109","29","138","55","19","5","5","35","67","83","230"
"199","Galletti B.","CERNUSCO (*)","CEN (*)","27","27","447","71","16","44","36","8","42","19","15","26","58","42","17","59","25","8","1","3","21","43","28","48"
"200","Gatti M.","LISSONE (*)","LIS (*)","28","27","468","151","39","78","50","19","65","29","16","27","59","28","9","37","28","15","2","2","22","39","28","90"
"201","Gatto G.","NERVIANESE","NER","26","23","660","310","92","177","52","21","80","26","63","122","52","72","13","85","70","32","5","1","123","74","98","297"
"202","Gay D.","O. PAVIA (*)","PVO (*)","34","34","622","199","37","83","45","29","92","32","38","53","72","59","17","76","40","42","8","3","52","105","71","166"
"203","Gennarelli L.","P. MILANO","MIP","7","1","6","2","1","2","50","","","","","","","","","","","","","","","1","",""
"204","Genovese F.","ROMANO LOM.","ROL","18","3","2","0","0","1","0","","","","","","","","1","1","1","","","","","","","-1"
"205","Gerli E.","PIZZIGHETTONE","PIZ","25","25","630","172","55","131","42","7","25","28","41","55","75","88","34","122","56","8","10","1","48","70","58","165"
"206","Giaretta M.","ARCISATE (*)","ARC (*)","1","1","5","0","0","1","0","","","","","","","","","","1","","","","","","","-2"
"207","Giocondi J.","GARBAGNATE","GAR","5","1","2","0","","","","","","","","","","","1","1","","","","","","","","1"
"208","Giocondo G.","MILANO3 B.","MI3","36","36","1004","612","161","362","44","49","156","31","143","187","76","141","27","168","82","48","2","3","54","123","186","512"
"209","Giordano F.","ROMANO LOM.","ROL","11","0","","0","","","","","","","","","","","","","","","","","","","",""
"210","Giovanzana A.","CALOLZIOCORTE","CAL","24","6","5","5","1","1","100","1","1","100","0","1","0","1","","1","1","","","","","","1","5"
"211","Gnecchi L.","CALOLZIOCORTE","CAL","27","19","126","24","10","27","37","0","5","0","4","6","67","1","11","12","7","","","2","5","9","9","12"
"212","Grampa M.","LIERNA","LIE","14","14","330","115","32","75","43","3","22","14","42","52","81","33","6","39","22","10","3","3","42","22","39","129"
"213","Grimoldi A.","LISSONE (*)","LIS (*)","11","9","51","10","5","12","42","0","4","0","","","","4","1","5","5","","","","5","4","3","3"
"214","Grugnetti F.","VIGEVANO","VIG","28","28","918","289","76","149","51","38","103","37","23","28","82","105","19","124","55","48","1","","125","60","73","400"
"215","Gualandris L.","ROMANO LOM.","ROL","27","24","236","50","12","39","31","7","37","19","5","9","56","26","3","29","20","9","3","","8","29","13","-4"
"216","Guffanti A.","R. SARONNO","SAR","30","29","743","159","42","110","38","14","60","23","33","46","72","98","32","130","40","11","9","4","33","82","70","149"
"217","Guidi A.","NERVIANESE","NER","28","28","502","200","38","73","52","30","107","28","34","49","69","72","13","85","35","24","10","1","35","98","59","134"
"218","Gurioli A.","R. SARONNO","SAR","32","31","821","437","104","192","54","50","140","36","79","100","79","107","21","128","74","11","7","6","40","79","91","354"
"219","Gurioli G.","OPERA B.C.","OPE","31","31","510","159","22","64","34","32","102","31","19","25","76","28","8","36","20","7","3","","10","52","25","44"
"220","Hamadi G.","B. 7 LAGHI","GAZ","29","28","480","143","21","50","42","22","64","34","35","43","81","34","21","55","27","11","3","1","9","45","43","108"
"221","Henderson M.","PAVIA B.","PVB","15","15","401","300","47","82","57","49","136","36","59","64","92","80","16","96","34","18","1","2","35","35","58","312"
"222","Iacono M.","MILANO3 B.","MI3","35","33","993","437","100","237","42","58","150","39","63","91","69","72","9","81","49","24","6","","83","35","94","372"
"223","Iannaccio R.","GARBAGNATE","GAR","1","0","","0","","","","","","","","","","","","","","","","","","","",""
"224","Infanti A.","O. PAVIA (*)","PVO (*)","34","33","948","487","115","245","47","62","157","39","71","90","79","66","22","88","42","41","4","5","83","104","86","396"
"225","Inoa Piantini R.","CIS. CISLAGO","CIS","18","18","422","194","56","135","41","16","46","35","34","52","65","68","18","86","31","21","6","4","5","52","55","149"
"226","Invernizzi B.","MORTARA","MOR","22","9","36","8","2","6","33","0","3","0","4","4","100","5","3","8","2","","","","1","1","2","9"
"227","Invernizzi G.","MORTARA","MOR","18","7","39","2","1","7","14","","","","0","2","0","4","4","8","2","1","","2","2","5","1","1"
"228","Iurato C.","OPERA B.C.","OPE","18","18","577","258","55","131","42","33","97","34","49","53","92","71","20","91","36","16","1","","25","54","50","205"
"229","Iurato C.","LIERNA","LIE","13","13","293","70","20","57","35","7","35","20","9","17","53","29","10","39","23","12","4","2","25","34","28","42"
"230","Ivanyuk I.","PIZZIGHETTONE","PIZ","23","13","78","9","3","6","50","0","4","0","3","5","60","5","3","8","8","2","","","4","10","4",""
"231","Jovic A.","MORTARA","MOR","20","20","701","329","122","226","54","11","27","41","52","85","61","147","70","217","40","11","4","20","44","53","85","456"
"232","Kam L.","MORTARA","MOR","29","29","897","315","116","238","49","8","24","33","59","88","67","168","58","226","69","15","3","8","39","92","83","355"
"233","Karadakov N.","MORTARA","MOR","1","0","","0","","","","","","","","","","","","","","","","","","","",""
"234","Kuvekalovic B.","GARDONESE","GVT","28","28","922","420","93","194","48","58","188","31","60","84","71","115","20","135","57","32","9","7","63","60","79","355"
"235","Lamanna R.","GARDONESE","GVT","18","2","5","0","","","","0","1","0","","","","","","","1","","","","","1","","-3"
"236","Laudi F.","ARCISATE (*)","ARC (*)","26","21","473","124","36","108","33","12","45","27","16","25","64","38","14","52","25","16","10","","19","27","27","62"
"237","Lebo K.","PIZZIGHETTONE","PIZ","27","27","678","357","122","231","53","11","66","17","80","136","59","84","49","133","85","9","11","11","26","61","115","274"
"238","Lecchi S.","ROMANO LOM.","ROL","21","5","15","3","0","1","0","1","2","50","","","","1","1","2","1","","","","","2","",""
"239","Lenotti F.","B. 7 LAGHI","GAZ","29","28","356","49","23","39","59","0","1","0","3","16","19","76","33","109","18","7","","19","8","70","11","85"
"240","Lepri J.","ARCISATE (*)","ARC (*)","22","19","504","238","48","132","36","29","105","28","55","70","79","44","3","47","58","24","9","","53","32","88","176"
"241","Leva M.","R. SARONNO","SAR","32","31","660","176","16","58","28","30","110","27","54","75","72","39","12","51","31","7","5","1","29","58","69","96"
"242","Longo A.","ARCISATE (*)","ARC (*)","30","18","193","38","7","27","26","7","37","19","3","4","75","17","3","20","12","3","2","","8","25","10","-11"
"243","Longoni A.","CERMENATE (*)","CER (*)","27","26","621","236","69","151","46","14","64","22","56","85","66","75","36","111","65","30","8","1","38","53","68","197"
"244","Lugic L.","V. LUMEZZANE","LUM","28","26","572","278","52","134","39","37","104","36","63","96","66","85","15","100","48","9","2","9","31","55","90","230"
"245","Luisari N.","CERNUSCO (*)","CEN (*)","1","1","4","0","","","","","","","","","","","","","","","","","1","1","",""
"246","Maffezzoli M.","OPERA B.C.","OPE","18","18","370","111","24","74","32","15","50","30","18","31","58","24","8","32","27","13","5","1","24","36","40","55"
"247","Magnaghi L.","P. MILANO","MIP","26","10","51","5","2","4","50","","","","1","2","50","5","3","8","3","","","","","7","1","1"
"248","Magnani M.","OPERA B.C.","OPE","1","0","","0","","","","","","","","","","","","","","","","","","","",""
"249","Malberti M.","CIS. CISLAGO","CIS","27","27","740","269","87","211","41","16","65","25","47","61","77","143","44","187","25","24","11","1","23","60","55","276"
"250","Mandelli L.","AGRATE CAN.","AGR","20","3","4","0","","","","","","","","","","","","","","","","","","","",""
"251","Mangiapane F.","GARBAGNATE","GAR","23","23","467","204","21","67","31","43","169","25","33","38","87","66","12","78","12","14","","","6","55","25","83"
"252","Manini D.","PIZZIGHETTONE","PIZ","26","24","221","55","13","40","32","7","30","23","8","12","67","35","10","45","24","10","4","","5","14","13","32"
"253","Manzoni F.","MILANO3 B.","MI3","34","15","83","7","0","2","0","1","7","14","4","6","67","7","1","8","2","4","","","3","2","6","14"
"254","Marazia A.","PIZZIGHETTONE","PIZ","4","1","1","0","","","","","","","","","","","1","1","","","","","","","","1"
"255","Marcantoni N.","ARCISATE (*)","ARC (*)","12","7","56","2","1","3","33","0","2","0","","","","3","2","5","4","2","","","1","11","3","-6"
"256","Marcone F.","MORTARA","MOR","1","1","2","0","","","","","","","","","","1","","1","1","","","","","1","","-1"
"257","Marelli G.","AGRATE CAN.","AGR","29","27","234","50","16","37","43","2","15","13","12","21","57","25","7","32","14","13","1","","12","29","26","46"
"258","Marelli D.","V. LUMEZZANE","LUM","25","23","643","298","52","168","31","47","158","30","53","72","74","52","14","66","71","12","2","","66","47","65","141"
"259","Marelli S.","GARDONESE","GVT","27","27","801","213","68","154","44","13","49","27","38","68","56","87","23","110","55","18","10","2","87","79","74","208"
"260","Marenzi M.","COR. PIADENA","PIA","29","29","797","305","85","165","52","26","77","34","57","76","75","119","35","154","63","40","6","10","37","104","74","297"
"261","Marino M.","OLGINATE","OLG","37","37","1190","426","74","178","42","48","135","36","134","173","77","154","19","173","89","21","7","1","158","62","169","560"
"262","Marmaglio S.","MANERBIO","MAN","24","2","7","0","","","","","","","","","","","","","","1","","","","2","1",""
"263","Marrazzo G.","OLGINATE","OLG","19","11","41","1","0","3","0","0","4","0","1","4","25","2","3","5","1","1","","","","12","3","-13"
"264","Martignoni S.","B. 7 LAGHI","GAZ","1","0","","0","","","","","","","","","","","","","","","","","","","",""
"265","Martinoli O.","VIGEVANO","VIG","20","7","17","6","3","9","33","0","1","0","","","","1","2","3","1","","1","2","","","","2"
"266","Mascadri S.","COR. PIADENA","PIA","29","29","1006","364","89","191","47","34","133","26","84","114","74","101","10","111","59","36","8","1","102","39","119","396"
"267","Mascherini M.","GARDONESE","GVT","2","0","","0","","","","","","","","","","","","","","","","","","","",""
"268","Mattiolo M.","B. 7 LAGHI","GAZ","5","0","","0","","","","","","","","","","","","","","","","","","","",""
"269","Mazzanti E.","ROMANO LOM.","ROL","19","18","420","129","37","94","39","9","37","24","28","42","67","55","15","70","38","22","5","3","26","46","34","96"
"270","Meani G.","B. 7 LAGHI","GAZ","1","0","","0","","","","","","","","","","","","","","","","","","","",""
"271","Menezes Crissaf Bolelli F.","BERNAREGGIO","BER","33","32","467","135","20","41","49","27","68","40","14","23","61","19","15","34","32","11","2","2","12","61","21","49"
"272","Mercante S.","CERNUSCO (*)","CEN (*)","29","27","687","264","45","130","35","45","129","35","39","67","58","90","5","95","64","37","6","","80","75","101","235"
"273","Meregalli M.","OLGINATE","OLG","10","4","88","40","4","13","31","9","15","60","5","8","62","3","1","4","4","1","","","3","7","14","33"
"274","Meroni P.","CIS. CISLAGO","CIS","28","26","580","220","49","117","42","28","96","29","38","54","70","79","9","88","42","14","1","1","36","69","74","169"
"275","Meroni L.","CALOLZIOCORTE","CAL","27","27","873","348","110","264","42","25","75","33","53","73","73","164","26","190","68","58","6","10","99","69","91","429"
"276","Meroni M.","CALOLZIOCORTE","CAL","28","28","572","165","60","127","47","7","31","23","24","47","51","79","12","91","23","12","5","3","29","60","60","158"
"277","Meroni F.","CIS. CISLAGO","CIS","11","11","176","44","18","54","33","","","","8","11","73","37","15","52","12","2","2","2","4","39","12","24"
"278","Mezza E.","MORTARA","MOR","26","7","19","11","2","2","100","2","4","50","1","2","50","3","","3","3","1","","","1","5","1","6"
"279","Milan F.","OLGINATE","OLG","37","37","1132","389","64","156","41","67","188","36","60","79","76","83","16","99","66","37","8","","73","115","110","287"
"280","Milanesi A.","V. LUMEZZANE","LUM","27","26","543","103","22","61","36","4","30","13","47","69","68","61","11","72","36","15","5","4","56","72","65","115"
"281","Milani L.","GARBAGNATE","GAR","1","0","","0","","","","","","","","","","","","","","","","","","","",""
"282","Milani M.","ARCISATE (*)","ARC (*)","2","1","5","0","","","","0","1","0","","","","","","","","","","","","","","-1"
"283","Minoli T.","PAVIA B.","PVB","29","28","600","181","45","98","46","14","47","30","49","79","62","113","20","133","22","33","8","5","61","73","102","296"
"284","Mitrovic B.","V. LUMEZZANE","LUM","28","26","364","60","10","42","24","7","47","15","19","33","58","45","6","51","36","8","4","6","22","47","34","8"
"285","Mladenovic M.","LISSONE (*)","LIS (*)","28","28","378","70","22","76","29","5","20","25","11","19","58","42","15","57","16","7","1","5","10","38","17","34"
"286","Molteni M.","LIERNA","LIE","8","8","136","53","17","44","39","4","17","24","7","10","70","16","7","23","10","5","3","","4","20","9","18"
"287","Monte L.","OLGINATE","OLG","12","10","19","2","1","3","33","","","","","","","1","","1","6","1","","","","1","","-5"
"288","Monticelli M.","CIS. CISLAGO","CIS","28","7","9","0","","","","0","1","0","","","","1","","1","","","","","","","",""
"289","Moraghi A.","B. 7 LAGHI","GAZ","30","29","916","366","127","246","52","2","12","17","106","148","72","193","110","303","60","21","4","8","34","66","135","566"
"290","Morandi G.","LISSONE (*)","LIS (*)","17","9","28","1","0","4","0","","","","1","2","50","1","1","2","7","2","","","2","4","3","-6"
"291","Moretti P.","VIGEVANO","VIG","8","8","148","21","4","10","40","3","14","21","4","6","67","19","5","24","3","6","1","","12","9","11","42"
"292","Moretti M.","GARBAGNATE","GAR","27","27","550","106","32","76","42","10","29","34","12","27","44","60","36","96","20","13","1","3","19","86","46","98"
"293","Moretti M.","CREMONA","CRE","28","28","424","128","48","113","42","0","1","0","32","42","76","75","35","110","41","16","5","3","12","85","48","110"
"294","Mori M.","MILANO3 B.","MI3","36","30","296","79","33","74","45","0","1","0","13","15","87","35","29","64","11","9","2","7","6","54","21","75"
"295","Mori F.","COR. PIADENA","PIA","14","13","318","73","21","61","34","4","24","17","19","23","83","28","4","32","26","12","1","","10","26","25","35"
"296","Mornati F.","LISSONE (*)","LIS (*)","29","28","432","166","24","42","57","38","134","28","4","4","100","44","18","62","17","20","3","","12","45","10","91"
"297","Moro N.","B. 7 LAGHI","GAZ","1","0","","0","","","","","","","","","","","","","","","","","","","",""
"298","Morse D.","LISSONE (*)","LIS (*)","23","19","137","44","18","37","49","0","7","0","8","13","62","5","6","11","12","7","1","","2","7","10","23"
"299","Mossi M.","VIGEVANO","VIG","31","29","795","423","104","190","55","46","133","35","77","94","82","106","46","152","57","15","4","5","30","63","93","404"
"300","Motta C.","LIERNA","LIE","4","2","5","3","0","2","0","1","1","100","","","","","","","","","","","","","","1"
"301","Nebuloni A.","GARBAGNATE","GAR","2","1","5","0","","","","","","","","","","","","","","","","","","","",""
"302","Nodari M.","PIZZIGHETTONE","PIZ","1","0","","0","","","","","","","","","","","","","","","","","","","",""
"303","Novati L.","R. SARONNO","SAR","27","27","823","315","84","163","52","28","73","38","63","73","86","183","13","196","46","27","1","4","100","30","72","503"
"304","Olivieri S.","V. LUMEZZANE","LUM","28","28","792","312","113","219","52","4","22","18","74","116","64","197","91","288","88","21","4","16","38","97","110","430"
"305","Orlandi M.","MORTARA","MOR","13","5","10","0","","","","0","2","0","","","","","","","","","","","","","","-2"
"306","Orlandi M.","ARCISATE (*)","ARC (*)","1","1","2","0","","","","","","","","","","","","","","","","","","","",""
"307","Paduano S.","CALOLZIOCORTE","CAL","28","28","869","290","31","72","43","60","164","37","48","57","84","50","7","57","73","34","2","1","91","54","79","269"
"308","Pairone N.","O. PAVIA (*)","PVO (*)","31","27","661","262","86","174","49","19","64","30","33","52","63","96","37","133","38","43","5","5","47","95","45","245"
"309","Paonessa A.","CALOLZIOCORTE","CAL","28","25","115","3","0","3","0","0","4","0","3","6","50","4","2","6","7","5","1","","7","7","4",""
"310","Papatolo N.","CERMENATE (*)","CER (*)","26","24","337","93","11","26","42","18","64","28","17","28","61","27","9","36","15","23","1","1","22","42","30","75"
"311","Parietti M.","CIS. CISLAGO","CIS","30","30","941","268","45","92","49","55","180","31","13","19","68","66","12","78","56","27","5","2","69","82","56","179"
"312","Pasinato A.","R. SARONNO","SAR","26","5","21","0","0","2","0","0","1","0","","","","","1","1","","","","","2","1","","-1"
"313","Passerini F.","B. 7 LAGHI","GAZ","30","30","1073","540","127","250","51","58","181","32","112","133","84","123","25","148","53","37","8","2","71","85","127","512"
"314","Pastori M.","BERNAREGGIO","BER","32","31","507","186","68","130","52","10","46","22","20","29","69","87","34","121","43","14","5","5","13","78","33","139"
"315","Pavanello E.","VIGEVANO","VIG","31","11","27","10","2","7","29","0","2","0","6","8","75","6","","6","5","1","","","","2","4","5"
"316","Pavone M.","O. PAVIA (*)","PVO (*)","34","34","786","340","120","179","67","1","5","20","97","157","62","162","101","263","76","11","5","3","46","88","160","531"
"317","Pedala' F.","LIERNA","LIE","27","27","591","207","53","116","46","26","89","29","23","35","66","57","39","96","45","16","3","5","33","72","33","132"
"318","Pederzani L.","GARDONESE","GVT","4","1","1","0","0","1","0","","","","","","","1","","1","","","","","","","",""
"319","Pedretti A.","GARDONESE","GVT","25","21","214","47","10","23","43","8","25","32","3","6","50","19","2","21","19","9","1","","20","34","17","27"
"320","Pedretti A.","PIZZIGHETTONE","PIZ","4","0","","0","","","","","","","","","","","","","","","","","","","",""
"321","Pedrini S.","PIZZIGHETTONE","PIZ","28","28","875","313","86","202","43","21","63","33","78","96","81","171","88","259","52","34","3","10","55","69","64","435"
"322","Pellizzoni R.","CERMENATE (*)","CER (*)","27","27","550","189","24","65","37","33","102","32","42","49","86","31","3","34","21","14","3","","22","65","53","106"
"323","Pelusi A.","NERVIANESE","NER","28","21","135","25","9","21","43","1","4","25","4","9","44","13","11","24","8","2","4","1","2","18","9","13"
"324","Perego A.","P. MILANO","MIP","24","23","714","175","64","148","43","6","39","15","29","43","67","64","5","69","51","16","9","1","96","43","55","178"
"325","Perego D.","NERVIANESE","NER","26","25","298","48","12","36","33","0","8","0","24","38","63","38","12","50","31","5","2","6","3","63","28","-2"
"326","Perini G.","CREMONA","CRE","1","0","","0","","","","","","","","","","","","","","","","","","","",""
"327","Perlini M.","NERVIANESE","NER","1","0","","0","","","","","","","","","","","","","","","","","","","",""
"328","Peroni R.","NERVIANESE","NER","28","27","665","247","68","139","49","23","74","31","42","59","71","65","33","98","56","16","8","2","48","85","61","184"
"329","Persico B.","CALOLZIOCORTE","CAL","27","27","491","153","61","139","44","0","2","0","31","60","52","66","36","102","29","7","4","13","21","70","44","128"
"330","Pesenti M.","CREMONA","CRE","28","28","986","433","44","148","30","89","277","32","78","104","75","75","29","104","90","53","12","2","68","84","85","241"
"331","Pezzati E.","P. MILANO","MIP","18","15","124","13","6","16","38","0","6","0","1","4","25","23","7","30","8","2","2","6","3","14","4","15"
"332","Pezzo L.","PAVIA B.","PVB","31","22","83","9","1","9","11","2","12","17","1","1","100","4","2","6","3","","","","9","10","3","-4"
"333","Piermattei F.","R. SARONNO","SAR","7","6","75","21","6","8","75","0","5","0","9","13","69","9","2","11","7","2","1","","5","8","8","20"
"334","Pilati S.","GARDONESE","GVT","25","23","269","63","23","54","43","3","12","25","8","14","57","39","15","54","5","11","2","5","13","40","16","69"
"335","Pirovano N.","CALOLZIOCORTE","CAL","27","27","326","39","17","44","39","0","12","0","5","15","33","27","12","39","21","13","1","2","10","32","24","24"
"336","Pisacane L.","CREMONA","CRE","24","19","167","24","4","9","44","3","12","25","7","10","70","4","8","12","10","4","","","9","24","8","6"
"337","Piva D.","OPERA B.C.","OPE","8","8","96","18","8","30","27","0","7","0","2","4","50","12","9","21","12","2","1","","5","19","10","-7"
"338","Pizzul D.","P. MILANO","MIP","28","28","499","104","35","71","49","2","23","9","28","40","70","66","50","116","23","18","2","3","18","62","31","134"
"339","Pizzul P.","AGRATE CAN.","AGR","26","24","205","41","14","35","40","0","6","0","13","19","68","26","21","47","13","6","2","2","3","26","24","49"
"340","Poli G.","GARDONESE","GVT","14","1","1","0","","","","0","1","0","","","","","","","","","","","","","","-1"
"341","Pontisso S.","VIGEVANO","VIG","27","27","387","93","31","58","53","4","18","22","19","32","59","45","17","62","23","20","1","2","29","66","32","94"
"342","Pozzi J.","VIGEVANO","VIG","24","23","592","196","42","99","42","31","100","31","19","27","70","85","20","105","31","18","3","10","23","67","33","150"
"343","Pozzi L.","LIERNA","LIE","24","9","26","4","2","4","50","","","","","","","4","1","5","1","","","1","2","2","","7"
"344","Pozzi D.","AGRATE CAN.","AGR","23","23","515","236","65","173","38","9","33","27","79","105","75","33","7","40","30","21","6","","70","77","104","200"
"345","Raimondi M.","ROMANO LOM.","ROL","28","25","607","165","27","69","39","29","142","20","24","32","75","79","20","99","26","26","6","","31","62","32","96"
"346","Rakic K.","COR. PIADENA","PIA","28","27","242","34","5","15","33","6","19","32","6","8","75","14","6","20","15","7","1","1","6","22","11","16"
"347","Rakic N.","MANERBIO","MAN","30","29","900","214","66","137","48","21","74","28","19","27","70","77","50","127","75","36","4","3","56","91","33","167"
"348","Rao P.","OPERA B.C.","OPE","29","7","20","4","2","3","67","0","1","0","0","1","0","1","2","3","","","","","","1","1","4"
"349","Raskovic M.","COR. PIADENA","PIA","29","26","695","387","143","267","54","14","63","22","59","77","77","152","39","191","72","32","5","3","32","83","90","384"
"350","Ravani S.","GARBAGNATE","GAR","1","0","","0","","","","","","","","","","","","","","","","","","","",""
"351","Reali A.","MORTARA","MOR","23","21","403","135","35","74","47","13","43","30","26","40","65","37","12","49","28","18","3","","23","64","43","90"
"352","Reali M.","P. MILANO","MIP","27","27","701","242","32","96","33","43","164","26","49","59","83","148","19","167","44","19","14","5","30","60","68","218"
"353","Riboli S.","GARBAGNATE","GAR","9","4","13","5","1","2","50","","","","3","4","75","1","","1","","","","","","","2","6"
"354","Ricci S.","ROMANO LOM.","ROL","27","27","487","138","20","46","43","28","88","32","14","22","64","42","4","46","48","17","4","1","49","43","43","105"
"355","Rimoldi L.","CIS. CISLAGO","CIS","29","8","26","3","","","","1","4","25","","","","2","1","3","","","","","","1","","2"
"356","Ripamonti P.","GARBAGNATE","GAR","25","18","132","22","9","18","50","0","8","0","4","6","67","7","5","12","13","1","1","","8","15","6","1"
"357","Riva M.","LISSONE (*)","LIS (*)","28","27","420","117","33","79","42","14","60","23","9","17","53","54","16","70","26","14","2","5","9","36","18","69"
"358","Riva I.","OLGINATE","OLG","29","25","542","214","57","139","41","20","76","26","40","70","57","48","34","82","27","11","6","4","17","80","66","113"
"359","Roberti M.","PIZZIGHETTONE","PIZ","24","24","548","145","25","59","42","20","61","33","35","47","74","58","30","88","42","10","6","1","36","44","48","149"
"360","Rochlitzer M.","O. PAVIA (*)","PVO (*)","6","3","14","4","1","3","33","","","","2","4","50","3","","3","2","1","","1","","2","2","3"
"361","Roppo S.","OPERA B.C.","OPE","13","13","316","101","19","76","25","14","45","31","21","29","72","30","4","34","21","7","2","1","22","35","34","45"
"362","Roppo S.","CERNUSCO (*)","CEN (*)","14","14","284","90","11","43","26","13","48","27","29","50","58","26","4","30","21","12","6","","18","29","39","45"
"363","Rossi F.","PIZZIGHETTONE","PIZ","24","24","609","118","27","55","49","13","55","24","25","34","74","43","6","49","43","26","4","1","75","36","37","144"
"364","Rossi Perret S.","COR. PIADENA","PIA","12","9","191","68","8","29","28","14","34","41","10","13","77","30","4","34","19","6","","","9","17","22","59"
"365","Rota R.","AGRATE CAN.","AGR","28","28","633","131","32","82","39","9","50","18","40","53","75","63","26","89","45","18","4","","27","71","60","101"
"366","Rulli G.","ARCISATE (*)","ARC (*)","30","29","861","321","121","238","51","9","55","16","52","101","51","89","21","110","98","55","16","5","93","83","116","291"
"367","Ruoti J.","P. MILANO","MIP","1","0","","0","","","","","","","","","","","","","","","","","","","",""
"368","Rusconi M.","CALOLZIOCORTE","CAL","28","28","406","122","37","76","49","12","31","39","12","19","63","59","17","76","24","11","1","6","18","60","19","102"
"369","Sacca R.","P. MILANO","MIP","19","19","340","116","43","111","39","5","17","29","15","22","68","21","16","37","22","16","3","2","20","22","21","78"
"370","Sacchetti A.","P. MILANO","MIP","18","8","35","8","2","9","22","1","4","25","1","2","50","1","2","3","1","1","2","","","7","1","-8"
"371","Sacchetti A.","AGRATE CAN.","AGR","9","7","39","6","3","3","100","","","","","","","3","1","4","3","1","","","","9","","-1"
"372","Saibene N.","CIS. CISLAGO","CIS","30","30","583","79","21","56","38","2","13","15","31","47","66","41","13","54","24","16","3","","26","76","61","71"
"373","Sala N.","BERNAREGGIO","BER","1","0","","0","","","","","","","","","","","","","","","","","","","",""
"374","Sala M.","CERMENATE (*)","CER (*)","22","2","4","0","","","","0","1","0","","","","","","","1","1","","","1","1","1",""
"375","Sango F.","LIERNA","LIE","20","20","628","393","86","176","49","56","158","35","53","58","91","86","35","121","48","19","9","4","34","57","48","308"
"376","Sanlorenzo V.","PAVIA B.","PVB","28","26","567","238","94","197","48","5","23","22","35","42","83","83","38","121","32","14","2","11","34","48","37","245"
"377","Santambrogio P.","R. SARONNO","SAR","9","1","1","0","0","1","0","","","","","","","","","","","1","","","","1","1",""
"378","Sartora M.","V. LUMEZZANE","LUM","28","27","498","174","46","88","52","14","51","27","40","63","63","98","56","154","21","17","7","","21","44","39","231"
"379","Saturnino R.","CERNUSCO (*)","CEN (*)","13","5","27","6","3","4","75","0","3","0","","","","1","1","2","2","","","","","2","",""
"380","Savini N.","O. PAVIA (*)","PVO (*)","5","3","7","3","","","","1","1","100","","","","1","","1","","","","","","1","","3"
"381","Scekic N.","MANERBIO","MAN","30","30","661","252","56","119","47","33","110","30","41","57","72","97","20","117","52","15","4","2","20","70","61","185"
"382","Scekic N.","MANERBIO","MAN","9","9","182","69","16","29","55","9","23","39","10","13","77","23","9","32","22","4","1","","7","25","15","49"
"383","Semplici A.","LISSONE (*)","LIS (*)","18","16","143","41","2","8","25","12","30","40","1","2","50","12","2","14","6","6","","","8","19","2","21"
"384","Severgnini S.","PIZZIGHETTONE","PIZ","27","27","518","147","47","103","46","12","52","23","17","39","44","68","33","101","36","10","4","14","15","71","39","97"
"385","Siccardo F.","CERNUSCO (*)","CEN (*)","8","5","88","21","7","12","58","2","5","40","1","2","50","8","5","13","8","6","","","12","9","4","30"
"386","Sifford T.","PAVIA B.","PVB","14","14","330","105","43","84","51","1","17","6","16","51","31","107","32","139","27","32","5","6","22","39","39","180"
"387","Sirtori E.","CERNUSCO (*)","CEN (*)","27","25","514","204","90","206","44","0","3","0","24","51","47","96","62","158","49","20","9","7","21","82","47","171"
"388","Sita N.","OPERA B.C.","OPE","8","6","55","3","0","5","0","0","3","0","3","6","50","7","1","8","3","1","1","","3","8","5","-3"
"389","Smallwood Jr T.","MANERBIO","MAN","4","4","139","86","17","28","61","12","35","34","16","23","70","25","","25","11","8","","","8","12","19","82"
"390","Soldati A.","P. MILANO","MIP","5","1","1","0","","","","","","","","","","","","","","","","","","","",""
"391","Soldati D.","P. MILANO","MIP","4","1","1","0","0","1","0","","","","","","","","","","","","","","","","","-1"
"392","Somaschini E.","B. 7 LAGHI","GAZ","29","28","748","168","54","112","48","7","30","23","39","75","52","83","34","117","30","26","2","1","30","69","67","191"
"393","Soresina G.","MILANO3 B.","MI3","23","23","491","76","30","66","45","0","2","0","16","28","57","74","25","99","14","11","2","21","13","71","40","123"
"394","Sorrentino M.","MILANO3 B.","MI3","8","6","19","0","","","","0","1","0","","","","2","","2","3","","","","","2","1","-3"
"395","Sovera B.","BERNAREGGIO","BER","10","6","23","6","3","5","60","","","","","","","1","","1","1","","","","","1","1","4"
"396","Sparascio L.","ARCISATE (*)","ARC (*)","12","11","113","15","4","16","25","2","11","18","1","1","100","8","2","10","7","2","4","","7","18","4","-12"
"397","Speronello D.","CREMONA","CRE","24","19","605","257","46","80","57","36","120","30","57","85","67","59","10","69","47","27","1","7","36","56","70","216"
"398","Speroni G.","PIZZIGHETTONE","PIZ","1","0","","0","","","","","","","","","","","","","","","","","","","",""
"399","Spirolazzi D.","AGRATE CAN.","AGR","20","19","483","220","74","156","47","13","39","33","33","48","69","69","35","104","34","13","5","2","9","53","41","174"
"400","Squarcina N.","LISSONE (*)","LIS (*)","29","29","812","329","64","166","39","43","124","35","72","95","76","167","21","188","50","26","4","21","20","67","92","349"
"401","Stipcic D.","P. MILANO","MIP","12","12","340","153","46","107","43","8","37","22","37","44","84","80","15","95","36","14","1","","22","32","46","164"
"402","Strotz R.","VIGEVANO","VIG","29","29","705","302","133","227","59","0","4","0","36","61","59","99","58","157","42","23","11","23","27","69","54","341"
"403","Superti N.","V. LUMEZZANE","LUM","28","22","220","27","7","18","39","2","9","22","7","14","50","16","14","30","18","9","","","9","18","16","30"
"404","Syku A.","B. 7 LAGHI","GAZ","7","0","","0","","","","","","","","","","","","","","","","","","","",""
"405","Tafel M.","NERVIANESE","NER","2","0","","0","","","","","","","","","","","","","","","","","","","",""
"406","Tagliabue F.","R. SARONNO","SAR","9","6","71","15","3","21","14","0","1","0","9","10","90","11","6","17","8","3","","","4","16","10","5"
"407","Tagliabue M.","OLGINATE","OLG","34","34","774","380","121","220","55","22","79","28","72","111","65","116","60","176","64","22","11","11","37","78","108","386"
"408","Taini G.","NERVIANESE","NER","23","5","16","2","1","3","33","0","1","0","","","","","2","2","","2","","","","3","1","1"
"409","Tandoi N.","MILANO3 B.","MI3","36","36","948","336","115","244","47","22","87","25","40","61","66","118","42","160","64","41","9","1","58","79","74","303"
"410","Tava E.","O. PAVIA (*)","PVO (*)","16","14","133","41","7","21","33","7","25","28","6","6","100","10","9","19","8","9","1","1","4","16","6","23"
"411","Tavola D.","OLGINATE","OLG","19","18","315","66","10","43","23","11","39","28","13","18","72","30","6","36","16","16","4","1","14","42","20","25"
"412","Tedeschi L.","LISSONE (*)","LIS (*)","29","29","367","89","27","69","39","0","5","0","35","53","66","33","12","45","42","24","3","","36","37","48","95"
"413","Tedoldi M.","GARBAGNATE","GAR","27","27","485","130","28","79","35","18","71","25","20","31","65","42","15","57","37","15","5","","20","48","29","46"
"414","Terzaghi M.","B. 7 LAGHI","GAZ","28","28","898","465","77","182","42","57","228","25","140","205","68","152","36","188","73","30","3","5","27","89","182","391"
"415","Tessitore G.","VIGEVANO","VIG","12","12","374","168","18","42","43","36","107","34","24","26","92","41","4","45","19","9","1","","26","27","27","131"
"416","Tiengo F.","CIS. CISLAGO","CIS","28","19","170","36","3","9","33","10","30","33","","","","7","4","11","4","4","1","","11","5","3","29"
"417","Toffali D.","BERNAREGGIO","BER","22","22","424","157","52","122","43","4","21","19","41","58","71","55","17","72","30","12","5","5","8","56","60","119"
"418","Toia S.","GARBAGNATE","GAR","16","13","133","11","5","17","29","0","18","0","1","1","100","10","2","12","6","5","2","","2","23","1","-30"
"419","Tonella S.","GARBAGNATE","GAR","28","28","814","222","35","85","41","37","115","32","41","59","69","81","19","100","49","26","1","1","72","72","57","210"
"420","Tornari M.","CERMENATE (*)","CER (*)","26","26","568","178","34","102","33","26","77","34","32","40","80","49","8","57","42","20","5","","77","78","49","129"
"421","Torriani L.","VIGEVANO","VIG","28","23","192","37","12","24","50","1","2","50","10","20","50","24","29","53","13","4","3","","15","13","14","71"
"422","Tresso D.","R. SARONNO","SAR","4","0","","0","","","","","","","","","","","","","","","","","","","",""
"423","Trezzi A.","P. MILANO","MIP","3","1","2","2","1","1","100","","","","","","","","1","1","","","","","","","","3"
"424","Tucker T.","PAVIA B.","PVB","1","0","","0","","","","","","","","","","","","","","","","","","","",""
"425","Turelli M.","ROMANO LOM.","ROL","28","28","368","103","32","82","39","8","18","44","15","27","56","66","41","107","17","6","4","7","7","52","22","107"
"426","Ukaegbu C.","CERMENATE (*)","CER (*)","27","27","650","247","89","162","55","11","45","24","36","61","59","136","61","197","52","15","5","18","14","66","60","296"
"427","Vai S.","O. PAVIA (*)","PVO (*)","19","11","46","9","0","2","0","3","14","21","0","1","0","1","1","2","","3","","","4","2","","2"
"428","Vanoni L.","ARCISATE (*)","ARC (*)","30","29","489","66","15","43","35","8","52","15","12","15","80","38","17","55","58","30","7","3","28","78","43","7"
"429","Vanzulli V.","CIS. CISLAGO","CIS","29","28","658","228","55","137","40","26","97","27","40","57","70","47","32","79","44","18","8","4","22","43","57","143"
"430","Vecerina S.","BERNAREGGIO","BER","23","22","229","51","16","38","42","3","19","16","10","14","71","12","4","16","20","8","1","1","16","25","14","18"
"431","Velardo C.","OPERA B.C.","OPE","31","31","788","351","110","225","49","0","5","0","131","212","62","132","100","232","60","24","10","4","31","64","177","484"
"432","Venturelli M.","VIGEVANO","VIG","31","31","984","532","111","223","50","46","148","31","172","211","82","99","10","109","102","34","4","3","107","79","210","557"
"433","Vercesi D.","OPERA B.C.","OPE","32","32","801","258","74","160","46","18","58","31","56","88","64","137","51","188","52","15","7","3","30","79","63","261"
"434","Verga F.","CERNUSCO (*)","CEN (*)","7","5","15","0","","","","0","2","0","","","","","1","1","2","1","","","1","","","-1"
"435","Veronesi F.","V. LUMEZZANE","LUM","28","28","720","186","68","140","49","0","2","0","50","90","56","141","97","238","49","18","9","1","24","83","69","281"
"436","Verri P.","PAVIA B.","PVB","29","29","773","355","59","125","47","57","148","39","66","88","75","138","38","176","47","28","3","7","41","58","96","416"
"437","Vescovi E.","B. 7 LAGHI","GAZ","28","25","248","67","14","24","58","11","43","26","6","13","46","30","12","42","14","8","1","","2","28","8","35"
"438","Vidakovic D.","V. LUMEZZANE","LUM","27","22","175","53","9","25","36","11","26","42","2","5","40","18","8","26","12","3","2","1","1","20","6","22"
"439","Vigano' C.","LISSONE (*)","LIS (*)","30","30","678","202","25","58","43","42","136","31","26","35","74","29","10","39","24","15","2","","21","57","26","84"
"440","Vigan L.","AGRATE CAN.","AGR","9","0","","0","","","","","","","","","","","","","","","","","","","",""
"441","Villa E.","R. SARONNO","SAR","1","1","1","0","","","","","","","","","","","","","","","","","","","",""
"442","Villa G.","AGRATE CAN.","AGR","29","29","887","349","47","119","39","62","165","38","69","78","88","129","18","147","50","19","2","5","68","79","74","347"
"443","Villa N.","LIERNA","LIE","24","24","631","112","11","35","31","24","88","27","18","33","55","51","18","69","16","14","2","5","46","68","32","89"
"444","Villa L.","CERMENATE (*)","CER (*)","27","26","375","144","36","72","50","21","87","24","9","14","64","36","11","47","21","12","3","1","10","56","20","47"
"445","Villa L.","P. MILANO","MIP","2","2","5","0","0","1","0","0","1","0","","","","1","2","3","","","1","","","","",""
"446","Visnjic D.","MANERBIO","MAN","14","4","35","8","4","9","44","0","1","0","","","","2","3","5","2","1","","","1","2","3","8"
"447","Vitellaro Zuccarello M.","ARCISATE (*)","ARC (*)","10","7","41","2","1","3","33","","","","0","2","0","7","2","9","6","2","","","2","5","2","2"
"448","Zambelli F.","OLGINATE","OLG","37","37","864","215","46","143","32","23","97","24","54","76","71","51","21","72","57","43","3","2","78","86","70","141"
"449","Zanasca E.","B. 7 LAGHI","GAZ","7","4","30","2","1","3","33","0","2","0","","","","3","1","4","4","","","","","6","1","-7"
"450","Zanchetta G.","CERNUSCO (*)","CEN (*)","30","28","701","157","38","111","34","10","63","16","51","72","71","56","7","63","38","23","","2","65","57","46","114"
"451","Zandalasini A.","O. PAVIA (*)","PVO (*)","34","34","752","256","61","128","48","35","103","34","29","39","74","95","17","112","38","18","5","1","30","80","30","179"
"452","Zattra D.","ARCISATE (*)","ARC (*)","30","28","611","244","110","181","61","1","9","11","21","36","58","96","45","141","44","12","7","4","13","84","35","220"
"453","Zennaro G.","R. SARONNO","SAR","32","32","576","176","50","105","48","11","51","22","43","55","78","68","20","88","41","21","9","2","53","62","78","199"
"454","Zonca A.","CERNUSCO (*)","CEN (*)","2","1","4","3","0","1","0","1","1","100","","","","","","","","","","","3","","","5"
